,Average Loss,Average Accuracy,Average IOU,Running Time
0,0.3904304802417755,0.9459297255028126,0.039009789286484554,2421.0918951034546
