,Average Loss,Average Accuracy,Average IOU,Running Time
0,0.5246639847755432,0.9885800619458043,0.15905552079121388,8051.451472520828
