,Average Loss,Average Accuracy,Average IOU
0,0.4587784707546234,0.9890379836392957,0.14554010365201636
