,Average Loss,Average Accuracy,Average IOU,Running Time
0,0.9498544931411743,0.994141300057256,0.2517209398062077,15273.453547239304
