,Average Loss,Average Accuracy,Average IOU,Running Time
0,1.4343280792236328,0.9960525922997053,0.33331243433924607,12765.911967039108
