,Average Loss,Average Accuracy,Average IOU
0,0.33675408363342285,0.9178195280943758,0.03800225697767285
