,Average Loss,Average Accuracy,Average IOU,Running Time
0,0.3702009618282318,0.9593067113743272,0.0655311596590679,4865.699739217758
