,Average Loss,Average Accuracy,Average IOU
0,0.9498544931411743,0.994141300057256,0.2517209398062077
