,Average Loss,Average Accuracy,Average IOU
0,1.2002816200256348,0.994251036366751,0.23257283046083568
