,Average Loss,Average Accuracy,Average IOU
0,0.3702009618282318,0.9593067113743272,0.0655311596590679
