,Average Loss,Average Accuracy,Average IOU
0,1.3198729753494263,0.9965630090513895,0.3963160821951406
