,Average Loss,Average Accuracy,Average IOU,Running Time
0,0.3587425649166107,0.9885720638341682,0.15880802256423374,83520.22091174126
