,Average Loss,Average Accuracy,Average IOU
0,0.13199089467525482,0.9908007300177286,0.15593392354284608
