,Average Loss,Average Accuracy,Average IOU,Running Time
0,0.33803221583366394,0.9830010963040728,0.11751612019183677,55845.85085272789
