,Average Loss,Average Accuracy,Average IOU,Running Time
0,0.13199089467525482,0.9908007300177286,0.15593392354284608,109267.7776594162
