,Average Loss,Average Accuracy,Average IOU,Running Time
0,1.3198729753494263,0.9965630090513895,0.3963160821951406,122591.57850646973
