,Average Loss,Average Accuracy,Average IOU,Running Time
0,0.07739020138978958,0.9822254499723745,0.15609470910804216,25071.639503717422
