,Average Loss,Average Accuracy,Average IOU,
0,0.33803221583366394,0.9830010963040728,0.11751612019183677
