,Average Loss,Average Accuracy,Average IOU,Running Time
0,0.06260291486978531,0.9882672096407691,0.19170279592968698,74866.51334619522
