,Average Loss,Average Accuracy,Average IOU
0,0.4219754636287689,0.9823544122451959,0.0626205072175105
