,Average Loss,Average Accuracy,Average IOU
0,0.43377915024757385,0.9891799272492875,0.1822468579400244
