,Average Loss,Average Accuracy,Average IOU
0,0.09522900730371475,0.9853175920109416,0.16591800368109413
