,Average Loss,Average Accuracy,Average IOU,Running Time
0,0.09522900730371475,0.9853175920109416,0.16591800368109413,49785.97462058067
