,Average Loss,Average Accuracy,Average IOU,Running Time
0,0.4545018970966339,0.9945364206336266,0.3250339878398145,37753.1856007576
