,Average Loss,Average Accuracy,Average IOU,Running Time
0,0.3300493657588959,0.8923213824629783,0.6926126562058925,93566.8017449379
