,Average Loss,Average Accuracy,Average IOU,Running Time
0,0.29631149768829346,0.9123710587620735,0.731526879966259,114581.36056947708
