,Average Loss,Average Accuracy,Average IOU,Running Time
0,0.2935297191143036,0.9106232166290283,0.72858492359519,41834.68847370148
