,Average Loss,Average Accuracy,Average IOU
0,0.441112756729126,0.8871129721403122,0.6134663980454207
