,Average Loss,Average Accuracy,Average IOU
0,0.44422850012779236,0.8888898357748986,0.6280598275363445
