,Average Loss,Average Accuracy,Average IOU,Running Time
0,0.35408496856689453,0.8837949007749557,0.6336919959634543,9503.315754652023
