,Average Loss,Average Accuracy,Average IOU
0,0.5707849860191345,0.8899234563112259,0.6470683634281158
