,Average Loss,Average Accuracy,Average IOU
0,0.4696790874004364,0.8893269270658493,0.6246474381536246
