,Average Loss,Average Accuracy,Average IOU
0,0.35408496856689453,0.8837949007749557,0.6336919959634543
