,Average Loss,Average Accuracy,Average IOU
0,0.5315722823143005,0.9035080075263977,0.6757882706820965
