,Average Loss,Average Accuracy,Average IOU
0,0.3365055322647095,0.9126901865005493,0.6582274630665779
