,Average Loss,Average Accuracy,Average IOU,Running Time
0,0.29103320837020874,0.9137174472212791,0.7167862214148044,41911.11373281479
