,Average Loss,Average Accuracy,Average IOU
0,0.3300493657588959,0.8923213824629783,0.6926126562058925
