,Average Loss,Average Accuracy,Average IOU,Running Time
0,0.2708646357059479,0.9083923161029815,0.6943284630775451,31872.166769981384
