,Average Loss,Average Accuracy,Average IOU,Running Time
0,0.29651862382888794,0.9106422662734985,0.7232358388602733,65888.72668457031
