,Average Loss,Average Accuracy,Average IOU
0,0.29651862382888794,0.9106422662734985,0.7232358388602733
