,Average Loss,Average Accuracy,Average IOU
0,0.2935297191143036,0.9106232166290283,0.72858492359519
